Fecha,Prophet_Pred,Prophet_Lower,Prophet_Upper,ARIMA_Pred,ARIMA_Lower,ARIMA_Upper
2025-07-24,76.30704246314087,-2.4776881445591985,167.9296220340279,62.10734006446606,8.73323836938858,115.48144175954354
2025-07-25,58.188133186194975,-24.301218779746797,145.92933293412528,61.87172110531492,-5.032747405904189,128.77618961653403
2025-07-26,60.446871657110265,-21.13012929513681,143.27984627896535,61.7161930978545,-12.334702331008273,135.76708852671726
2025-07-27,61.974619966610035,-17.049997278316734,146.62459291215288,61.613531745000074,-16.889025474245244,140.1160889642454
2025-07-28,67.85213425361898,-13.815597715010634,154.57210256268675,61.54576675821733,-20.065852301171425,143.1573858176061
2025-07-29,61.261573607068776,-17.89373280924838,140.14251843047063,61.50103626026474,-22.486917333594107,145.4889898541236
2025-07-30,50.91077324426464,-33.70015077279516,130.99721273617845,61.47151043074601,-24.46665177570989,147.4096726372019
2025-07-31,49.96822902810288,-30.02537317707648,135.53140549708243,61.45202094038323,-26.1760101582637,149.08005203903016
2025-08-01,49.96963095353886,-36.322176888065265,127.12904703269878,61.4391562642406,-27.713009567746475,150.59132209622769
2025-08-02,58.61487975423863,-24.549645007808454,136.14403175647587,61.430664513600945,-29.136139560129507,151.9974685873314
2025-08-03,58.62012766112052,-19.62895454389383,134.0148995982099,61.42505925559627,-30.48137225157393,153.33149076276646
2025-08-04,59.381095858062764,-27.144453006305085,137.04735244899638,61.4213593215506,-31.77134777276909,154.6140664158703
2025-08-05,59.38381600557456,-21.967386772368798,137.04223495215416,61.418917058958776,-33.02057934243914,155.8584134603567
2025-08-06,59.41338584831614,-18.37162948488001,139.7938585218059,61.41730496358254,-34.23851823551655,157.07312816268163
2025-08-07,59.41610930018983,-19.628126797931433,139.0503678935541,61.41624084725419,-35.43141254438916,158.26389423889754
2025-08-08,56.73173317859561,-29.73060885329456,136.0892467063364,61.41553844243561,-36.60345936699671,159.43453625186794
2025-08-09,62.48055659917328,-14.856362350931631,140.06914630396332,61.41507479714044,-37.75753043304149,160.58768002732236
2025-08-10,63.253050322543515,-16.013387724117546,156.2704660058889,61.41476875288498,-38.895634320786485,161.72517182655645
2025-08-11,66.34117317989032,-10.351302379052566,150.11393990551488,61.41456673835518,-40.01921331402005,162.8483467907304
2025-08-12,66.12451115070762,-10.738025964768758,147.7970108045016,61.414433392051414,-41.12933522508548,163.9582020091883
2025-08-13,46.81142903632258,-31.944055865041467,131.1796332002909,61.41434537245825,-42.22681794513348,165.05550869004998
2025-08-14,59.66621725987367,-23.82425223704838,137.29549348988542,61.41428727224428,-43.31231065149554,166.14088519598408
2025-08-15,52.92179069572153,-32.57112504097412,130.50655551525827,61.41424892129602,-44.38634696943461,167.21484481202666
2025-08-16,32.17862008189962,-50.065979183101575,110.59884935173935,61.414223606497124,-45.44937992704701,168.27782714004127
2025-08-17,62.4842321277574,-16.602250047305187,141.21694123835456,61.41420689663538,-46.50180505879146,169.33021885206222
2025-08-18,41.26815908922112,-37.06347161741569,113.50833220026372,61.4141958667441,-47.54397577590854,170.37236750939675
2025-08-19,53.83657722510415,-26.543138059383207,134.66572322917003,61.41418858610328,-48.576213678590406,171.40459085079698
2025-08-20,54.81511056993431,-28.431501016013843,136.15384235330188,61.41418378027796,-49.59881555051238,172.4271831110683
2025-08-21,32.33012221621483,-46.83398331189666,117.85590739427474,61.41418060803563,-50.61205817023738,173.44041938630863
2025-08-22,31.76256835333248,-58.01134063373244,112.34614376449161,61.41417851409323,-51.61620168009808,174.44455870828455
2025-08-23,6.710716760669779,-76.21173888786817,86.57969707266565,61.414177131917995,-52.61149199681212,175.4398462606481
2025-08-24,23.898104215352465,-60.1175382214085,111.7039193015204,61.414176219567985,-53.598162581054474,176.42651502019044
2025-08-25,31.1640651840362,-53.99364692022796,118.92832293023687,61.41417561734149,-54.576435774263594,177.40478700894658
2025-08-26,21.28490470971276,-57.71643608553767,101.54751165482901,61.414175219822184,-55.54652383981558,178.37487427945996
2025-08-27,19.809527958573657,-57.04713536197564,103.48210666430252,61.414174957426546,-56.5086297991915,179.3369797140446
2025-08-28,13.07612072777862,-69.06255712289159,97.64676412002467,61.41417478422372,-57.46294812331493,180.29129769176237
2025-08-29,2.9161657134636165,-76.41506019613625,86.87340351671885,61.41417466989552,-58.40966531927098,181.23801465906203
2025-08-30,-22.13568587919386,-105.39567560328634,56.82250169625902,61.414174594429454,-59.34896043949709,182.177309628356
2025-08-31,-4.948298424490231,-94.8369166522746,74.69176305270437,61.414174544615605,-60.28100553189144,183.10935462112263
2025-09-01,2.317662544199024,-82.45239004504243,88.86151922254648,61.414174511734345,-61.205966043567926,184.03431506703663
2025-09-02,-7.561497930144448,-106.47429071004669,79.52072416262851,61.41417449002999,-62.1240011871902,184.9523501672502
2025-09-03,-9.036874681222711,-106.64525610014633,80.64504762923771,61.41417447570333,-63.03526427628018,185.86361322768684
2025-09-04,-15.770281912067382,-112.33231314382303,82.86514207160718,61.41417446624654,-63.93990303418722,186.7682519666803
2025-09-05,-25.930236926404493,-124.46143501837986,68.77815574270154,61.41417446000428,-64.83805988024315,187.66640880025173
2025-09-06,-50.982088519043145,-149.69707782006594,46.60749330897077,61.414174455883874,-65.72987219582683,188.5582211075946
2025-09-07,-33.79470106439827,-130.0754660754926,63.342104049827434,61.414174453164065,-66.61547257250302,189.44382147883115
2025-09-08,-26.528740095675907,-131.69447401951692,71.6114376772586,61.414174451368766,-67.49498904400026,190.3233379467378
2025-09-09,-36.40790057001071,-145.91962735356267,72.84713908832296,61.414174450183715,-68.36854530350266,191.19689420387007
2025-09-10,-37.88327732109044,-151.60458395139221,75.20530827410713,61.414174449401486,-69.23626090751239,192.06460980631536
2025-09-11,-44.61668455192632,-167.7579905045897,64.03786171246063,61.41417444888515,-70.09825146737455,192.92660036514485
2025-09-12,-54.77663956629789,-169.49564968476184,69.20992159610066,61.41417444854432,-70.95462882942394,193.78297772651257
2025-09-13,-79.82849115892087,-205.4862481885139,40.945850650325305,61.41417444831935,-71.80550124460927,194.633850141248
2025-09-14,-62.641103704289684,-196.58074854466102,74.12257746894751,61.41417444817085,-72.65097352836236,195.47932242470407
2025-09-15,-55.37514273555088,-192.4285882568312,92.17773733501414,61.41417444807283,-73.4911472114058,196.31949610755146
2025-09-16,-65.2543032098466,-208.37232384958793,74.91811345429976,61.414174448008126,-74.32612068213164,197.15446957814788
2025-09-17,-66.729679960934,-214.41823663483297,82.45745825262746,61.414174447965415,-75.15598932112604,197.9843382170569
2025-09-18,-73.46308719175809,-229.98724006098908,87.53542646357161,61.41417444793722,-75.98084562836902,198.80919452424348
2025-09-19,-83.62304220616599,-241.28518516846822,70.64216712865894,61.41417444791861,-76.80077934359338,199.6291282394306
2025-09-20,-108.67489379870884,-283.17140682813107,53.476750125084834,61.414174447906326,-77.61587756024966,200.44422645606232
2025-09-21,-91.48750634410743,-260.4574520612926,87.12922578168028,61.41417444789822,-78.42622483348912,201.25457372928554
2025-09-22,-84.22154537539501,-269.17376031956286,100.56751522665063,61.41417444789287,-79.23190328254444,202.06025217833016
2025-09-23,-94.10070584976701,-287.95631891583366,98.24140358319701,61.41417444788934,-80.03299268786037,202.86134158363905
2025-09-24,-95.57608260080133,-293.77852762921043,106.26622292025674,61.41417444788701,-80.82957058329998,203.657919479074
2025-09-25,-102.30948983165368,-292.4123051442485,108.62207516010244,61.414174447885465,-81.62171234372846,204.4500612394994
2025-09-26,-112.46944484603411,-323.88495299692494,104.7187099271296,61.41417444788445,-82.40949126825484,205.23784016402374
2025-09-27,-137.52129643857245,-349.9916484881483,84.12944482311583,61.41417444788378,-83.19297865939178,206.02132755515936
2025-09-28,-120.33390898395005,-342.04614645983065,108.09154443999333,61.41417444788334,-83.97224389837609,206.80059279414277
2025-09-29,-113.06794801528217,-342.96491109097036,116.95136222052051,61.41417444788305,-84.74735451687428,207.5757034126404
2025-09-30,-122.9471084894994,-343.2068103155027,128.0853123529549,61.41417444788286,-85.51837626528388,208.3467251610496
2025-10-01,-124.42248524064495,-379.1608499342736,142.55118867914769,61.41417444788273,-86.28537317782538,209.11372207359085
2025-10-02,-131.15589247149964,-383.6155338633309,117.52621495224649,61.414174447882644,-87.04840763460773,209.87675653037303
2025-10-03,-141.31584748590294,-404.5574246709132,121.9164997944321,61.41417444788259,-87.80754042083704,210.63588931660223
2025-10-04,-166.36769907842657,-442.266404733016,120.98851627206855,61.41417444788255,-88.5628307833284,211.39117967909348
2025-10-05,-149.18031162381644,-425.9188768288719,137.44286528944008,61.41417444788253,-89.31433648446843,212.1426853802335
2025-10-06,-141.9143506551194,-441.74767424320294,173.67740633123088,61.414174447882516,-90.06211385376884,212.89046274953387
2025-10-07,-151.7935111294198,-444.4347312367667,157.79825934293086,61.41417444788251,-90.80621783713994,213.63456673290497
2025-10-08,-153.26888788051252,-450.49104012368974,156.73680211464944,61.4141744478825,-91.54670204400755,214.37505093977256
2025-10-09,-160.0022951113586,-475.3081415006506,169.49675515626677,61.414174447882495,-92.28361879238608,215.11196768815105
2025-10-10,-170.16225012568677,-491.03394477074784,186.33243940009214,61.414174447882495,-93.01701915201636,215.84536804778134
2025-10-11,-195.21410171829015,-515.9014855187547,136.24238340210704,61.414174447882495,-93.74695298566817,216.57530188143315
2025-10-12,-178.02671426365913,-531.3702965852959,178.29101796514976,61.414174447882495,-94.4734689887018,217.30181788446677
2025-10-13,-170.7607532949943,-523.468408984442,192.8408237524047,61.414174447882495,-95.19661472697845,218.02496362274343
2025-10-14,-180.63991376925563,-538.9367523156732,197.73310720195337,61.414174447882495,-95.91643667320176,218.74478556896673
2025-10-15,-182.11529052038006,-540.8431871080973,209.7456788892525,61.414174447882495,-96.63298024176996,219.46132913753493
2025-10-16,-188.84869775124122,-576.370631600701,223.20515741133903,61.414174447882495,-97.34628982221224,220.17463871797722
2025-10-17,-199.00865276553395,-574.3282595608629,219.4738185207634,61.414174447882495,-98.05640881127889,220.88475770704386
2025-10-18,-224.06050435814876,-620.4503136374536,186.24478251594778,61.414174447882495,-98.76337964375114,221.5917285395161
2025-10-19,-206.87311690347673,-611.9638402033936,242.96021299922512,61.414174447882495,-99.46724382203243,222.2955927177974
2025-10-20,-199.60715593483846,-632.9322506725712,265.27774958293304,61.414174447882495,-100.16804194457947,222.99639084034445
2025-10-21,-209.4863164090915,-655.0704379946299,269.9521724498354,61.414174447882495,-100.86581373322844,223.6941626289934
2025-10-22,-210.9616931602477,-655.4194517931074,252.2728356725206,61.414174447882495,-101.56059805946785,224.38894695523283
2025-10-23,-217.69510039110008,-686.7601234092211,276.10250288368013,61.414174447882495,-102.252432969708,225.08078186547297
2025-10-24,-227.855055405402,-724.1926156870059,264.6965769440228,61.414174447882495,-102.94135570959284,225.76970460535782
2025-10-25,-252.90690699801243,-742.5192330815202,252.94708757850879,61.414174447882495,-103.62740274739846,226.45575164316344
2025-10-26,-235.71951954340994,-759.353556121267,284.51487919560293,61.414174447882495,-104.31060979655987,227.13895869232485
2025-10-27,-228.45355857470636,-760.6466026799534,307.96812746519475,61.414174447882495,-104.99101183736545,227.81936073313042
2025-10-28,-238.33271904901193,-791.1864808149755,306.4219815440386,61.414174447882495,-105.66864313785598,228.49699203362096
2025-10-29,-239.808095800091,-803.8300906317966,334.51941106693033,61.414174447882495,-106.34353727396433,229.1718861697293
2025-10-30,-246.5415030309462,-794.7114788940819,314.8101833929912,61.414174447882495,-107.01572714892828,229.84407604469325
2025-10-31,-256.7014580451867,-832.3042231092134,329.30887792168926,61.414174447882495,-107.68524501200935,230.51359390777432
2025-11-01,-281.753309637876,-868.1766821735566,295.723614197049,61.414174447882495,-108.35212247654692,231.1804713723119
2025-11-02,-264.56592218322754,-856.991912000254,311.6105129459519,61.414174447882495,-109.01639053737662,231.8447394331416
2025-11-03,-257.2999612144921,-844.961301951401,368.2042374839018,61.414174447882495,-109.6780795876399,232.50642848340487
2025-11-04,-267.17912168884783,-880.7302566748431,354.19748988193834,61.414174447882495,-110.33721943501101,233.16556833077598
2025-11-05,-268.6544984399586,-881.9432189159534,387.39452496848867,61.414174447882495,-110.99383931736543,233.8221882131304
2025-11-06,-275.3879056707908,-894.8183884697393,386.38046576507725,61.414174447882495,-111.6479679179134,234.47631681367838
2025-11-07,-285.54786068505484,-928.8866951135866,382.2321110376263,61.414174447882495,-112.29963337982045,235.12798227558542
2025-11-08,-310.5997122777346,-970.8824307219086,378.8462705733685,61.414174447882495,-112.94886332033605,235.77721221610102
2025-11-09,-293.412324823119,-961.6030993977031,401.7153770742965,61.414174447882495,-113.5956848444508,236.42403374021578
2025-11-10,-286.1463638543599,-954.488389302756,422.1882132823688,61.414174447882495,-114.2401245581008,237.06847345386578
2025-11-11,-296.02552432868123,-989.1636279227994,435.3064087236328,61.414174447882495,-114.88220858093771,237.7105574767027
2025-11-12,-297.50090107982624,-986.8068758313934,448.8232861433399,61.414174447882495,-115.52196255868151,238.35031145444648
2025-11-13,-304.2343083106028,-1010.9212544757531,432.78825653677126,61.414174447882495,-116.15941167507293,238.9877605708379
2025-11-14,-314.39426332492366,-1032.7325586115062,458.52786470936127,61.414174447882495,-116.79458066344128,239.62292955920626
2025-11-15,-339.4461149175982,-1081.4650213946084,437.06632550143314,61.414174447882495,-117.42749381790188,240.25584271366685
2025-11-16,-322.25872746293675,-1052.824744256172,454.00496906816164,61.414174447882495,-118.05817500419872,240.8865238999637
2025-11-17,-314.9927664942041,-1071.1519652243646,469.41839503269625,61.414174447882495,-118.68664767020519,241.51499656597016
2025-11-18,-324.87192696851713,-1101.449848639274,473.0556885941093,61.414174447882495,-119.3129348560959,242.14128375186087
2025-11-19,-326.34730371966947,-1114.755328788872,510.95243860697485,61.414174447882495,-119.93705920420282,242.7654080999678
2025-11-20,-333.08071095049837,-1135.2876116363966,531.8691273746932,61.414174447882495,-120.55904296856681,243.3873918643318
2025-11-21,-343.2406659648163,-1131.0530848465414,496.56162068167237,61.414174447882495,-121.17890802419646,244.00725691996143
2025-11-22,-368.29251755745236,-1197.2871384623215,506.03953616132856,61.414174447882495,-121.7966758760449,244.62502477180988
2025-11-23,-351.10513010275434,-1219.4456933905133,520.5727044969933,61.414174447882495,-122.41236766771524,245.24071656348022
2025-11-24,-343.8391691340791,-1212.5828576440804,536.4189927799777,61.414174447882495,-123.02600418990434,245.85435308566932
2025-11-25,-353.71832960838344,-1249.8457646203383,553.300752460044,61.414174447882495,-123.63760588859472,246.4659547843597
2025-11-26,-355.1937063595371,-1227.945245842614,562.9858306743764,61.414174447882495,-124.24719287300337,247.07554176876835
2025-11-27,-361.92711359033007,-1247.520677460681,578.7838928407879,61.414174447882495,-124.85478492329668,247.68313381906165
2025-11-28,-372.08706860468504,-1244.9314397886271,566.1463153715908,61.414174447882495,-125.46040149807945,248.28875039384442
2025-11-29,-397.13892019731594,-1344.0231338033932,545.2273947674146,61.414174447882495,-126.06406174166614,248.8924106374311
2025-11-30,-379.95153274266545,-1294.2571082057038,585.0832968176669,61.414174447882495,-126.66578449114238,249.49413338690735
2025-12-01,-372.6855717739162,-1314.2527417466652,617.1447205896251,61.414174447882495,-127.26558828322328,250.09393717898826
2025-12-02,-382.5647322482734,-1343.322110307402,620.425612120819,61.414174447882495,-127.8634913609167,250.69184025668167
2025-12-03,-384.0401089994046,-1388.3051658824706,628.5099451763011,61.414174447882495,-128.45951167999718,251.28786057576215
2025-12-04,-390.77351623018916,-1385.5907762099303,667.9330647742087,61.414174447882495,-129.05366691529792,251.8820158110629
2025-12-05,-400.93347124455323,-1420.4373603640167,643.6760056057569,61.414174447882495,-129.64597446682643,252.4743233625914
2025-12-06,-425.9853228371651,-1466.2942401841883,635.9483888263611,61.414174447882495,-130.2364514657102,253.06480036147516
2025-12-07,-408.797935382483,-1458.7330357763467,669.0283354328914,61.414174447882495,-130.82511477997784,253.6534636757428
2025-12-08,-401.53197441380337,-1474.4725444475362,711.589384576814,61.414174447882495,-131.41198102018163,254.2403299159466
2025-12-09,-411.4111348881397,-1462.4930076219903,716.1847422985811,61.414174447882495,-131.99706654486627,254.82541544063125
2025-12-10,-412.8865116392722,-1503.889697468095,714.6333954998807,61.414174447882495,-132.58038746588926,255.40873636165423
2025-12-11,-419.61991887003506,-1527.1735442537563,730.8379848542346,61.414174447882495,-133.16195965359802,255.990308549363
2025-12-12,-429.7798738844467,-1532.4103136776391,726.0510001870525,61.414174447882495,-133.7417987418675,256.5701476376325
2025-12-13,-454.8317254770382,-1591.8067365985294,729.6727415785432,61.414174447882495,-134.31992013300422,257.1482690287692
2025-12-14,-437.64433802237454,-1594.9815895274667,789.7031468196816,61.414174447882495,-134.89633900251988,257.72468789828486
2025-12-15,-430.37837705364757,-1590.3936313474699,810.9001635450858,61.414174447882495,-135.47107030377913,258.2994191995441
2025-12-16,-440.2575375279756,-1631.784114307596,806.7667511517287,61.414174447882495,-136.04412877252602,258.872477668291
2025-12-17,-441.73291427904485,-1623.6034514079224,818.6356001225203,61.414174447882495,-136.61552893129215,259.4438778270571
2025-12-18,-448.4663215098811,-1655.2297830993373,798.6535094991898,61.414174447882495,-137.18528509369074,260.01363398945574
2025-12-19,-458.62627652423043,-1701.8354866289203,785.5098733287948,61.414174447882495,-137.7534113686004,260.5817602643654
2025-12-20,-483.67812811688736,-1714.1125298762588,841.4150079005681,61.414174447882495,-138.3199216642415,261.1482705600065
2025-12-21,-466.4907406621922,-1705.8556308207644,832.4660462203346,61.414174447882495,-138.88482969214877,261.7131785879138
2025-12-22,-459.2247796935225,-1731.353514205712,876.857317140041,61.414174447882495,-139.44814897104382,262.2764978668088
2025-12-23,-469.103940167896,-1733.4126627825983,883.3109013940085,61.414174447882495,-140.0098928306095,262.83824172637446
2025-12-24,-470.57931691893594,-1761.0002423668923,881.3446773218028,61.414174447882495,-140.57007441517007,263.3984233109351
2025-12-25,-477.31272414977667,-1777.8101351669206,900.746767869207,61.414174447882495,-141.12870668728021,263.9570555830452
2025-12-26,-487.47267916409936,-1778.7866109310858,904.1187588792368,61.414174447882495,-141.68580243122435,264.51415132698935
2025-12-27,-512.5245307566945,-1863.088088279588,924.263288091977,61.414174447882495,-142.2413742564306,265.0697231521956
2025-12-28,-495.3371433020348,-1850.0516497267658,950.5980555603298,61.414174447882495,-142.79543460080046,265.62378349656547
2025-12-29,-488.07118233339736,-1845.6190532388514,959.8885693441076,61.414174447882495,-143.34799573395804,266.176344629723
2025-12-30,-497.9503428076991,-1830.5548156254777,961.4990800194686,61.414174447882495,-143.89906976042013,266.72741865618514
2025-12-31,-499.4257195587796,-1890.5372190193818,973.9790612447531,61.414174447882495,-144.44866862269015,267.2770175184551
2026-01-01,-506.1591267896227,-1894.8229231728567,993.4850448542879,61.414174447882495,-144.99680410427763,267.82515300004263
2026-01-02,-516.3190818039675,-1904.3345881101245,1016.5796788445926,61.414174447882495,-145.54348783264626,268.37183672841127
2026-01-03,-541.3709333965439,-1972.7596491261424,1007.7314311636816,61.414174447882495,-146.08873128209154,268.9170801778565
2026-01-04,-524.1835459419918,-1984.6451575535968,1045.810098614341,61.414174447882495,-146.6325457765507,269.4608946723157
2026-01-05,-516.9175849732345,-1958.317280356553,1061.9369551866405,61.414174447882495,-147.17494249234687,270.00329138811185
2026-01-06,-526.7967454475653,-1999.0504373862884,1056.839912437436,61.414174447882495,-147.71593246086886,270.54428135663386
2026-01-07,-528.2721221986471,-2046.5406855279075,1087.133585876892,61.414174447882495,-148.2555265711891,271.0838754669541
2026-01-08,-535.0055294294816,-2029.5840696869107,1086.705275753575,61.414174447882495,-148.7937355726207,271.6220844683857
2026-01-09,-545.1654844438356,-2069.2793996027603,1081.9366497207611,61.414174447882495,-149.33057007721607,272.15891897298104
2026-01-10,-570.2173360364073,-2115.3210009055074,1093.968864712771,61.414174447882495,-149.8660405622082,272.6943894579732
2026-01-11,-553.0299485818343,-2059.2054537977824,1135.2537181863179,61.414174447882495,-150.4001573723965,273.2285062681615
2026-01-12,-545.7639876131096,-2119.9057001209057,1158.5739636466067,61.414174447882495,-150.9329307224785,273.76127961824346
2026-01-13,-555.6431480873847,-2140.304525768494,1159.8365181053148,61.414174447882495,-151.4643706993292,274.2927195950942
2026-01-14,-557.1185248384909,-2148.472061384073,1185.810019701671,61.414174447882495,-151.9944872642292,274.8228361599942
2026-01-15,-563.85193206935,-2180.216544977216,1200.5554721913586,61.414174447882495,-152.52329025504332,275.3516391508083
2026-01-16,-574.011887083729,-2185.6916051348126,1174.9257906470432,61.414174447882495,-153.0507893883505,275.87913828411547
2026-01-17,-599.0637386762661,-2249.0654804146834,1187.4541301832246,61.414174447882495,-153.5769942615271,276.40534315729207
2026-01-18,-581.876351221652,-2237.2222313622065,1237.848521548156,61.414174447882495,-154.10191435478418,276.93026325054916
2026-01-19,-574.6103902529537,-2223.8593390707497,1262.0179544713153,61.414174447882495,-154.6255590331603,277.4539079289253
2026-01-20,-584.489550727218,-2286.5626421689008,1257.5083020072664,61.414174447882495,-155.14793754847088,277.9762864442359
2026-01-21,-585.9649274783586,-2238.7949584688677,1237.6632271319934,61.414174447882495,-155.6690590412154,278.4974079369804
2026-01-22,-592.698334709209,-2300.263336230401,1244.018118698614,61.414174447882495,-156.18893254244358,279.01728143820856
2026-01-23,-602.858289723597,-2359.267305091792,1269.8641211308247,61.414174447882495,-156.70756697558124,279.5359158713462
2026-01-24,-627.9101413161296,-2372.2468689839766,1263.847880135497,61.414174447882495,-157.2249711582177,280.0533200539827
2026-01-25,-610.7227538614947,-2413.2381429668526,1310.5293570339609,61.414174447882495,-157.74115380385444,280.5695026996194
2026-01-26,-603.4567928928337,-2406.590757696904,1319.8619906156202,61.414174447882495,-158.25612352361767,281.0844724193827
2026-01-27,-613.335953367108,-2412.2461763235706,1325.1282712081213,61.414174447882495,-158.76988882793398,281.59823772369896
2026-01-28,-614.8113301182017,-2418.3115621048887,1330.963044188884,61.414174447882495,-159.2824581281717,282.1108070239367
2026-01-29,-621.5447373490549,-2465.564585163078,1352.2061233267855,61.414174447882495,-159.7938397382472,282.62218863401216
2026-01-30,-631.7046923633354,-2542.174140801025,1354.4605205409591,61.414174447882495,-160.30404187619865,283.1323907719636
2026-01-31,-656.7565439559837,-2562.7956473463237,1348.0904797953197,61.414174447882495,-160.81307266572674,283.6414215614917
2026-02-01,-639.5691565013124,-2520.8767354885995,1390.0907478759557,61.414174447882495,-161.32094013770373,284.14928903346873
2026-02-02,-632.303195532678,-2573.429103796566,1415.2007873905384,61.414174447882495,-161.82765223165202,284.656001127417
2026-02-03,-642.1823560069745,-2564.4981104263916,1412.9893568567616,61.414174447882495,-162.33321679719197,285.16156569295697
2026-02-04,-643.6577327580695,-2573.9299754550652,1462.9162191769144,61.414174447882495,-162.83764159546087,285.66599049122584
2026-02-05,-650.3911399889139,-2579.087187597763,1404.4585091999036,61.414174447882495,-163.34093430050305,286.16928319626805
2026-02-06,-660.5510950032035,-2600.473246552206,1461.2832541670737,61.414174447882495,-163.8431025006319,286.6714513963969
2026-02-07,-685.6029465958568,-2677.8115052821922,1414.560574902591,61.414174447882495,-164.3441536997648,287.1725025955298
2026-02-08,-668.4155591412039,-2668.1039025280165,1496.379299874051,61.414174447882495,-164.84409531873155,287.6724442144965
2026-02-09,-661.1495981724753,-2708.1910588339147,1518.0223395372573,61.414174447882495,-165.34293469655645,288.17128359232146
2026-02-10,-671.0287586468103,-2729.9474951298125,1533.5266517062496,61.414174447882495,-165.8406790917154,288.6690279874804
2026-02-11,-672.5041353979367,-2730.8309214830297,1546.7343442044685,61.414174447882495,-166.3373356833682,289.1656845791332
2026-02-12,-679.23754262876,-2710.2552982142506,1561.01167791308,61.414174447882495,-166.8329115725666,289.6612604683316
2026-02-13,-689.3974976430725,-2732.8730349313505,1554.9355818511922,61.414174447882495,-167.32741378343886,290.15576267920386
2026-02-14,-714.449349235706,-2793.792410608725,1579.0818722335837,61.414174447882495,-167.82084926435144,290.64919816011644
2026-02-15,-697.2619617810215,-2796.8432317052525,1625.5838584876851,61.414174447882495,-168.31322488904806,291.14157378481303
2026-02-16,-689.9960008123315,-2826.9990173977535,1617.954278386455,61.414174447882495,-168.80454745776672,291.6328963535317
2026-02-17,-699.8751612866461,-2808.841063172564,1637.2688951969292,61.414174447882495,-169.29482369833576,292.12317259410077
2026-02-18,-701.3505380378041,-2818.2652788978053,1616.7948213788297,61.414174447882495,-169.7840602672486,292.6124091630136
2026-02-19,-708.0839452686554,-2871.4684477761266,1696.1030829685485,61.414174447882495,-170.27226375071803,293.100612646483
2026-02-20,-718.2439002829651,-2911.4795012108802,1688.7687135091721,61.414174447882495,-170.75944066571094,293.5877895614759
2026-02-21,-743.2957518755695,-2916.780978855392,1699.0616967936105,61.414174447882495,-171.24559746096324,294.07394635672824
2026-02-22,-726.1083644209546,-2918.9940024117122,1738.992972879879,61.414174447882495,-171.73074051797562,294.5590894137406
2026-02-23,-718.8424034522067,-2931.420585247613,1758.4947029105922,61.414174447882495,-172.21487615199115,295.04322504775615
2026-02-24,-728.7215639265124,-2960.364794309491,1787.016014063407,61.414174447882495,-172.6980106129541,295.5263595087191
2026-02-25,-730.1969406776477,-3005.1449859803947,1745.103151789431,61.414174447882495,-173.18015008645168,296.0084989822167
2026-02-26,-736.9303479084532,-3027.3241121255332,1791.0831507379637,61.414174447882495,-173.66130069463762,296.4896495904026
2026-02-27,-747.0903029227496,-3019.8129760745987,1834.1278701041874,61.414174447882495,-174.1414684971395,296.9698173929045
2026-02-28,-772.1421545154333,-3086.5828292305496,1796.9880384291969,61.414174447882495,-174.6206594919489,297.4490083877139
2026-03-01,-754.9547670608208,-3075.6605172965624,1816.788329697334,61.414174447882495,-175.0988796162957,297.9272285120607
2026-03-02,-747.6888060920437,-3091.0844947737323,1826.551409986067,61.414174447882495,-175.57613474750627,298.40448364327125
2026-03-03,-757.5679665664026,-3128.157357457856,1833.2804903699011,61.414174447882495,-176.0524307038463,298.8807795996113
2026-03-04,-759.0433433175153,-3139.2957208851444,1910.0188370216524,61.414174447882495,-176.52777324534827,299.35612214111325
2026-03-05,-765.7767505483122,-3167.413059514095,1911.0683483676994,61.414174447882495,-177.00216807462425,299.8305169703892
2026-03-06,-775.9367055626177,-3193.6137511523343,1869.599776869572,61.414174447882495,-177.4756208376641,300.3039697334291
2026-03-07,-800.9885571552824,-3216.3059291115337,1854.2912275120816,61.414174447882495,-177.94813712461934,300.7764860203843
2026-03-08,-783.8011697006636,-3249.4093129073353,1901.333947917067,61.414174447882495,-178.41972247057342,301.2480713663384
2026-03-09,-776.5352087319185,-3244.229562126788,1934.715215349766,61.414174447882495,-178.89038235629806,301.71873125206304
2026-03-10,-786.414369206236,-3247.9600357418526,1961.3349088230282,61.414174447882495,-179.36012220899642,302.1884711047614
2026-03-11,-787.889745957383,-3267.692686266392,1921.2572999243348,61.414174447882495,-179.82894740303334,302.6572962987983
2026-03-12,-794.6231531881581,-3281.402430089717,1951.011369172098,61.414174447882495,-180.2968632606527,303.1252121564177
2026-03-13,-804.7831082025112,-3364.3757400040126,1995.3036498719223,61.414174447882495,-180.7638750526823,303.59222394844727
2026-03-14,-829.8349597951553,-3361.928006685613,2022.9698959251077,61.414174447882495,-181.2299879992267,304.05833689499167
2026-03-15,-812.6475723405498,-3380.8380737945395,2029.838892473038,61.414174447882495,-181.6952072703478,304.52355616611277
2026-03-16,-805.3816113717628,-3398.798295122568,2060.3528598431253,61.414174447882495,-182.15953798673408,304.9878868824991
2026-03-17,-815.2607718460719,-3436.1393054411574,2098.2186802301608,61.414174447882495,-182.62298522035817,305.4513341161232
2026-03-18,-816.7361485972267,-3426.909503326679,2129.430735064539,61.414174447882495,-183.0855539951231,305.9139028908881
2026-03-19,-823.469555828017,-3462.3202208063626,2115.977028614013,61.414174447882495,-183.5472492874979,306.37559818326287
2026-03-20,-833.6295108423792,-3522.9149571169005,2085.151098098104,61.414174447882495,-184.00807602714204,306.83642492290704
2026-03-21,-858.6813624350096,-3588.4794979832864,2116.691822949195,61.414174447882495,-184.46803909751972,307.2963879932847
2026-03-22,-841.4939749803924,-3557.036437207732,2141.6298818504065,61.414174447882495,-184.92714333650355,307.7554922322685
2026-03-23,-834.2280140116379,-3563.969252653206,2146.9929267678963,61.414174447882495,-185.38539353696825,308.2137424327332
2026-03-24,-844.107174485992,-3635.841948371002,2215.308538287318,61.414174447882495,-185.84279444737444,308.6711433431394
2026-03-25,-845.5825512370227,-3645.0720297905996,2199.9989625316794,61.414174447882495,-186.2993507723427,309.1276996681077
2026-03-26,-852.3159584678856,-3700.092054994167,2213.635861527549,61.414174447882495,-186.75506717321818,309.5834160689832
2026-03-27,-862.4759134822481,-3687.4275624850948,2216.6230641518696,61.414174447882495,-187.2099482686257,310.0382971643907
2026-03-28,-887.5277650748731,-3761.568645275459,2208.6065503239843,61.414174447882495,-187.66399863501618,310.49234753078116
2026-03-29,-870.34037762021,-3785.9829871192283,2234.896905725061,61.414174447882495,-188.1172228072035,310.9455717029685
2026-03-30,-863.0744166514819,-3833.055640876745,2243.8812537798735,61.414174447882495,-188.56962527889306,311.39797417465803
2026-03-31,-872.9535771258281,-3832.708573788518,2233.6060761742,61.414174447882495,-189.02121050320167,311.8495593989667
2026-04-01,-874.4289538768903,-3879.7412645666873,2309.316550332101,61.414174447882495,-189.47198289316893,312.30033178893393
2026-04-02,-881.1623611077443,-3907.369247976653,2290.182853145059,61.414174447882495,-189.92194682226028,312.75029571802526
2026-04-03,-891.3223161221163,-3904.6424682564884,2343.873023109057,61.414174447882495,-190.3711066248621,313.1994555206271
2026-04-04,-916.3741677147317,-3953.926845807421,2321.852112089563,61.414174447882495,-190.81946659676902,313.647815492534
2026-04-05,-899.1867802601016,-3964.804578128097,2322.5856710960675,61.414174447882495,-191.26703099566294,314.0953798914279
2026-04-06,-891.920819291362,-3955.5363711964337,2381.0312264829467,61.414174447882495,-191.71380404158504,314.54215293735
2026-04-07,-901.7999797656943,-4025.64573139278,2351.2798568015346,61.414174447882495,-192.1597899173997,314.9881388131647
2026-04-08,-903.275356516758,-4017.636421565691,2399.2710024683065,61.414174447882495,-192.604992769252,315.433341665017
2026-04-09,-910.0087637475904,-4031.9677571797533,2379.484945756117,61.414174447882495,-193.04941670701655,315.87776560278155
2026-04-10,-920.1687187619851,-4101.830444322672,2400.2704398646265,61.414174447882495,-193.49306580474098,316.32141470050595
2026-04-11,-945.2205703545293,-4107.183337314718,2413.9196390604984,61.414174447882495,-193.93594410108113,316.7642929968461
2026-04-12,-928.0331828999192,-4122.516390419269,2432.362585849857,61.414174447882495,-194.37805559973032,317.2064044954953
2026-04-13,-920.7672219312063,-4144.650892754929,2450.5191931216937,61.414174447882495,-194.8194042698413,317.6477531656063
2026-04-14,-930.6463824055301,-4139.141141501074,2462.1557620424383,61.414174447882495,-195.25999404644233,318.0883429422073
2026-04-15,-932.1217591566017,-4165.077856821239,2496.9955415080476,61.414174447882495,-195.69982883084623,318.5281777266112
2026-04-16,-938.855166387486,-4181.80755501381,2447.3546629158986,61.414174447882495,-196.1389124910537,318.9672613868187
2026-04-17,-949.0151214017934,-4281.226456543374,2485.492283410422,61.414174447882495,-196.57724886214987,319.40559775791485
2026-04-18,-974.066972994388,-4269.057048461408,2500.830265817311,61.414174447882495,-197.01484174669542,319.8431906424604
2026-04-19,-956.8795855397367,-4293.090049787927,2507.9196617853186,61.414174447882495,-197.45169491511115,320.2800438108761
2026-04-20,-949.6136245710811,-4331.474371211679,2523.7083017415357,61.414174447882495,-197.8878121060573,320.7161610018223
2026-04-21,-959.4927850453965,-4375.541001125687,2526.1664869900264,61.414174447882495,-198.32319702680667,321.15154592257164
2026-04-22,-960.9681617964932,-4337.77410142559,2561.5691614094203,61.414174447882495,-198.75785335361223,321.5862022493772
2026-04-23,-967.701569027332,-4393.5920253400245,2529.481362978422,61.414174447882495,-199.19178473206955,322.0201336278345
2026-04-24,-977.861524041662,-4408.099412150376,2562.1650938999987,61.414174447882495,-199.62499477747326,322.45334367323824
2026-04-25,-1002.9133756342517,-4457.124006900821,2564.829262381606,61.414174447882495,-200.05748707516864,322.8858359709336
2026-04-26,-985.7259881795795,-4492.1383088338125,2601.3097865036602,61.414174447882495,-200.4892651808977,323.31761407666266
2026-04-27,-978.4600272109183,-4496.412097702627,2664.7065043790353,61.414174447882495,-200.92033262114035,323.7486815169053
2026-04-28,-988.3391876852371,-4508.1405318102925,2632.7412056221638,61.414174447882495,-201.3506928934504,324.1790417892154
2026-04-29,-989.8145644363366,-4546.338515483356,2651.025735020386,61.414174447882495,-201.78034946678667,324.60869836255165
2026-04-30,-996.5479716671779,-4610.071458675506,2666.3901512912753,61.414174447882495,-202.2093057818392,325.03765467760417
2026-05-01,-1006.7079266815306,-4614.678905541731,2681.9033511906673,61.414174447882495,-202.63756525135057,325.46591414711554
2026-05-02,-1031.7597782741009,-4670.998585227905,2669.0414825296652,61.414174447882495,-203.06513126043302,325.893480156198
2026-05-03,-1014.5723908194874,-4646.3743829582045,2733.7167749023247,61.414174447882495,-203.49200716688034,326.3203560626453
2026-05-04,-1007.3064298507934,-4650.783752819119,2765.9270160295814,61.414174447882495,-203.91819630147558,326.74654519724055
2026-05-05,-1017.1855903251032,-4724.382530612916,2728.1727910024943,61.414174447882495,-204.34370196829428,327.17205086405926
2026-05-06,-1018.6609670762042,-4750.853973710481,2773.0983063432136,61.414174447882495,-204.76852744500343,327.5968763407684
2026-05-07,-1025.3943743070367,-4766.135922880771,2790.4895197577957,61.414174447882495,-205.19267598315588,328.02102487892085
2026-05-08,-1035.5543293212688,-4770.332737748878,2816.199291794021,61.414174447882495,-205.61615080848077,328.44449970424574
2026-05-09,-1060.606180913974,-4801.657874477085,2793.4840393655068,61.414174447882495,-206.03895512116975,328.8673040169347
2026-05-10,-1043.418793459379,-4854.868001565963,2882.466755708442,61.414174447882495,-206.46109209615906,329.28944099192404
2026-05-11,-1036.1528324906683,-4819.056696858194,2861.167631176834,61.414174447882495,-206.88256488340795,329.7109137791729
2026-05-12,-1046.0319929649393,-4866.114395306038,2918.5626094828376,61.414174447882495,-207.30337660817247,330.13172550393745
2026-05-13,-1047.5073697160476,-4854.578699051979,2900.512827375136,61.414174447882495,-207.72353037127618,330.55187926704116
2026-05-14,-1054.2407769468687,-4924.905279304647,2962.4797745805377,61.414174447882495,-208.1430292493767,330.97137814514167
2026-05-15,-1064.4007319611367,-4942.57955724648,3006.889647287233,61.414174447882495,-208.56187629522833,331.3902251909933
2026-05-16,-1089.4525835538232,-4974.867761422322,2992.8930979680954,61.414174447882495,-208.98007453794162,331.8084234337066
2026-05-17,-1072.2651960991968,-5035.603620897088,2986.5611806529882,61.414174447882495,-209.39762698323858,332.22597587900356
2026-05-18,-1064.9992351305123,-4986.924947070608,3033.195317579402,61.414174447882495,-209.81453661370483,332.6428855094698
2026-05-19,-1074.8783956047728,-5113.504037022084,3009.2673851918944,61.414174447882495,-210.23080638903838,333.05915528480335
2026-05-20,-1076.3537723559148,-5141.564681051129,3047.8991792058655,61.414174447882495,-210.6464392462945,333.4747881420595
2026-05-21,-1083.0871795867643,-5094.248875230269,3064.5324573422427,61.414174447882495,-211.06143810012753,333.8897869958925
2026-05-22,-1093.2471346010304,-5101.194988882595,3094.002796576039,61.414174447882495,-211.47580584302955,334.3041547387945
2026-05-23,-1118.298986193687,-5223.693783898347,3017.051925026822,61.414174447882495,-211.88954534556535,334.7178942413303
2026-05-24,-1101.1115987390394,-5172.347964724534,3061.9166352839875,61.414174447882495,-212.30265945660454,335.1310083523695
2026-05-25,-1093.8456377703214,-5213.907898140221,3114.904181114865,61.414174447882495,-212.71515100355043,335.5434998993154
2026-05-26,-1103.7247982446088,-5252.353130078973,3140.0088528208353,61.414174447882495,-213.1270227925658,335.9553716883308
2026-05-27,-1105.2001749957585,-5260.571671225569,3127.1563200000787,61.414174447882495,-213.5382776087955,336.3666265045605
2026-05-28,-1111.9335822266103,-5300.341102923207,3130.9572595636487,61.414174447882495,-213.94891821658643,336.7772671123514
2026-05-29,-1122.0935372408983,-5310.481468271273,3143.56749446482,61.414174447882495,-214.35894735970408,337.18729625546905
2026-05-30,-1147.1453888335411,-5435.458266287508,3157.901498353413,61.414174447882495,-214.76836776154659,337.59671665731156
2026-05-31,-1129.9580013789057,-5354.69585704096,3225.272470361135,61.414174447882495,-215.17718212535567,338.00553102112065
2026-06-01,-1122.6920404101593,-5403.311719628172,3210.948264865447,61.414174447882495,-215.58539313442486,338.41374203018984
2026-06-02,-1132.571200884529,-5438.844735833615,3186.8042499650514,61.414174447882495,-215.99300345230512,338.8213523480701
2026-06-03,-1134.046577635626,-5496.037079644744,3245.840321444889,61.414174447882495,-216.40001572300747,339.22836461877245
2026-06-04,-1140.7799848664692,-5510.721785643566,3248.366408363324,61.414174447882495,-216.80643257120317,339.63478146696815
2026-06-05,-1150.9399398807661,-5532.6298517378245,3259.2581284875746,61.414174447882495,-217.21225660242112,340.0406054981861
2026-06-06,-1175.9917914734046,-5550.017301870843,3248.4146147183615,61.414174447882495,-217.61749040324275,340.44583929900773
2026-06-07,-1158.804404018748,-5585.414997122455,3279.980275524873,61.414174447882495,-218.02213654149443,340.8504854372594
2026-06-08,-1151.538443050034,-5592.5522872348365,3306.989905268354,61.414174447882495,-218.42619756643722,341.2545464622022
2026-06-09,-1161.417603524365,-5675.743199532249,3330.7281735510073,61.414174447882495,-218.82967600895438,341.65802490471935
2026-06-10,-1162.8929802754938,-5680.340774010467,3314.2832335011867,61.414174447882495,-219.23257438173613,342.0609232775011
2026-06-11,-1169.6263875062668,-5680.4714191296125,3368.773680970703,61.414174447882495,-219.63489517946232,342.4632440752273
2026-06-12,-1179.78634252066,-5714.718531423747,3400.065501530546,61.414174447882495,-220.03664087898278,342.86498977474776
2026-06-13,-1204.838194113263,-5745.7367042991045,3384.1007012813157,61.414174447882495,-220.4378139394949,343.2661628352599
2026-06-14,-1187.6508066585661,-5769.19029179517,3434.674543967864,61.414174447882495,-220.8384168027195,343.6667656984845
2026-06-15,-1180.3848456898902,-5761.392987908856,3409.670901673317,61.414174447882495,-221.23845189307417,344.06680078883915
2026-06-16,-1190.2640061642007,-5861.884537308265,3439.975458366357,61.414174447882495,-221.63792161784454,344.4662705136095
2026-06-17,-1191.7393829153614,-5858.7012020269985,3511.0774616223603,61.414174447882495,-222.036828367353,344.86517726311797
2026-06-18,-1198.4727901461258,-5909.359600017215,3451.9821807773633,61.414174447882495,-222.43517451512594,345.2635234108909
2026-06-19,-1208.632745160528,-5873.774033314034,3484.883042930606,61.414174447882495,-222.83296241805823,345.6613113138232
2026-06-20,-1233.6845967531265,-5987.553481219662,3505.4222508319417,61.414174447882495,-223.230194416576,346.058543312341
2026-06-21,-1216.4972092984772,-6033.8213760763765,3527.1698412219425,61.414174447882495,-223.62687283479744,346.4552217305624
2026-06-22,-1209.2312483297653,-6008.384925162194,3553.8309770030287,61.414174447882495,-224.02299998069134,346.8513488764563
2026-06-23,-1219.110408804121,-6033.347291825544,3581.3483694454867,61.414174447882495,-224.41857814623359,347.24692704199856
2026-06-24,-1220.5857855552047,-6058.559048487041,3625.135398562183,61.414174447882495,-224.81360960756217,347.64195850332715
2026-06-25,-1227.3191927860084,-6086.898453505667,3602.4929871370828,61.414174447882495,-225.20809662512983,348.0364455208948
2026-06-26,-1237.4791478003126,-6166.315876506129,3625.375187625249,61.414174447882495,-225.602041443855,348.43039033962
2026-06-27,-1262.5309993929905,-6213.358425345767,3643.9699059155473,61.414174447882495,-225.99544629327073,348.8237951890357
2026-06-28,-1245.3436119382948,-6262.255360566895,3635.32537362425,61.414174447882495,-226.3883133876722,349.2166622834372
2026-06-29,-1238.0776509696093,-6261.512385155496,3710.2440273386064,61.414174447882495,-226.78064492626186,349.60899382202683
2026-06-30,-1247.9568114439573,-6244.654012312976,3701.410179206896,61.414174447882495,-227.17244309329317,350.00079198905814
2026-07-01,-1249.432188195072,-6321.740147142214,3697.9348838043747,61.414174447882495,-227.56371005821234,350.3920589539773
2026-07-02,-1256.1655954258674,-6345.242372749954,3713.856480885095,61.414174447882495,-227.9544479757987,350.7827968715637
2026-07-03,-1266.3255504401807,-6360.608055677556,3728.7895980888543,61.414174447882495,-228.344658986303,351.17300788206796
2026-07-04,-1291.377402032849,-6416.320596311007,3706.5994536902463,61.414174447882495,-228.73434521558426,351.56269411134923
2026-07-05,-1274.1900145781863,-6477.40309748946,3810.083181561667,61.414174447882495,-229.12350877524477,351.95185767100975
2026-07-06,-1266.9240536094774,-6461.855517328512,3857.9322805192246,61.414174447882495,-229.51215176276366,352.34050065852864
2026-07-07,-1276.8032140837904,-6475.760153471675,3802.17141406054,61.414174447882495,-229.90027626162896,352.72862515739394
2026-07-08,-1278.2785908348685,-6565.42151760497,3843.1093932815093,61.414174447882495,-230.28788434146765,353.1162332372326
2026-07-09,-1285.0119980657132,-6593.6441660428145,3849.567738216225,61.414174447882495,-230.67497805817442,353.5033269539394
2026-07-10,-1295.1719530800497,-6590.155130425886,3884.3965598698123,61.414174447882495,-231.06155945403913,353.8899083498041
2026-07-11,-1320.2238046727125,-6658.7568221015645,3855.4436449968616,61.414174447882495,-231.4476305578723,354.27597945363726
2026-07-12,-1303.0364172180941,-6639.420605868537,3948.894685575259,61.414174447882495,-231.8331933851295,354.6615422808945
2026-07-13,-1295.7704562493213,-6656.439840114159,3990.6367322084175,61.414174447882495,-232.21824993803392,355.0465988337989
2026-07-14,-1305.6496167236262,-6708.765651191466,3955.964275867451,61.414174447882495,-232.60280220569786,355.43115110146283
2026-07-15,-1307.1249934747361,-6717.453917384658,3976.4946598579813,61.414174447882495,-232.98685216424246,355.81520106000744
2026-07-16,-1313.8584007056086,-6740.060424070935,4037.89072030156,61.414174447882495,-233.37040177691625,356.19875067268123
2026-07-17,-1324.018355719942,-6797.257104404808,4058.1770299386503,61.414174447882495,-233.75345299421235,356.5818018899773
2026-07-18,-1349.0702073125672,-6844.283150595148,4051.842812511954,61.414174447882495,-234.1360077539838,356.96435664974877
2026-07-19,-1331.882819857937,-6868.8649246773975,4104.641958468843,61.414174447882495,-234.5180679815585,357.34641687732346
2026-07-20,-1324.616858889197,-6854.658663353872,4066.606748326239,61.414174447882495,-234.89963558985193,357.7279844856169
2026-07-21,-1334.4960193634925,-6890.3865007954855,4132.98940367414,61.414174447882495,-235.28071247947867,358.10906137524364
2026-07-22,-1335.971396114604,-6975.039138778933,4157.734613344261,61.414174447882495,-235.66130053886343,358.4896494346284
2026-07-23,-1342.704803345441,-6921.378154088862,4176.528109870525,61.414174447882495,-236.04140164434983,358.8697505401148
2026-07-24,-1352.864758359811,-6959.128231433011,4229.856963721694,61.414174447882495,-236.42101766030828,359.24936655607326
2026-07-25,-1377.916609952369,-7050.775543040064,4205.292585675801,61.414174447882495,-236.80015043924288,359.62849933500786
2026-07-26,-1360.7292224977548,-7102.408883761338,4239.939111679574,61.414174447882495,-237.1788018218969,360.0071507176619
2026-07-27,-1353.4632615290338,-7084.560309274268,4223.2692669895705,61.414174447882495,-237.55697363735692,360.3853225331219
2026-07-28,-1363.3424220033828,-7101.149693559569,4304.518948482328,61.414174447882495,-237.93466770315575,360.76301659892073
2026-07-29,-1364.8177987544473,-7132.4802197233,4309.97615619022,61.414174447882495,-238.31188582537493,361.1402347211399
2026-07-30,-1371.5512059852997,-7159.3444892397365,4323.713273935962,61.414174447882495,-238.68862979874467,361.51697869450965
2026-07-31,-1381.7111609996794,-7197.390097071926,4332.808479934315,61.414174447882495,-239.06490140674418,361.89325030250916
2026-08-01,-1406.7630125922183,-7220.5009863390915,4344.218918627321,61.414174447882495,-239.44070242169988,362.26905131746486
2026-08-02,-1389.5756251375726,-7291.715203803304,4404.788804749868,61.414174447882495,-239.81603460488282,362.6443835006478
2026-08-03,-1382.3096641689208,-7281.448974164473,4394.430827707781,61.414174447882495,-240.19089970660474,363.0192486023697
2026-08-04,-1392.1888246431995,-7290.214792390972,4444.200606972361,61.414174447882495,-240.56529946631395,363.3936483620789
2026-08-05,-1393.664201394315,-7362.745725399175,4431.541835640562,61.414174447882495,-240.93923561268872,363.7675845084537
2026-08-06,-1400.3976086251455,-7393.910997859713,4414.893976047966,61.414174447882495,-241.31270986373102,364.141058759496
2026-08-07,-1410.5575636395724,-7411.281825620834,4469.252954694361,61.414174447882495,-241.6857239268582,364.5140728226232
2026-08-08,-1435.609415232096,-7437.480065754128,4458.061588568192,61.414174447882495,-242.05827949899418,364.88662839475916
2026-08-09,-1418.4220277774637,-7431.533738880753,4466.726965993578,61.414174447882495,-242.43037826665983,365.2587271624248
2026-08-10,-1411.1560668087648,-7490.403816485143,4495.1627294521495,61.414174447882495,-242.80202190606144,365.6303708018264
2026-08-11,-1421.0352272830355,-7516.400881179582,4516.184963095777,61.414174447882495,-243.17321208317935,366.0015609789443
2026-08-12,-1422.5106040341582,-7561.219025724101,4557.493439470247,61.414174447882495,-243.54395045385473,366.3722993496197
2026-08-13,-1429.2440112649915,-7564.571818811543,4552.497690174083,61.414174447882495,-243.91423866387595,366.7425875596409
2026-08-14,-1439.4039662793562,-7611.832247756673,4585.580781933916,61.414174447882495,-244.28407834906386,367.11242724482884
2026-08-15,-1464.455817871945,-7719.057913828833,4562.146932671981,61.414174447882495,-244.65347113535591,367.4818200311209
2026-08-16,-1447.2684304172813,-7717.469288400548,4553.303411144376,61.414174447882495,-245.02241863888958,367.85076753465455
2026-08-17,-1440.0024694486394,-7734.579186668947,4660.672192250558,61.414174447882495,-245.390922466085,368.21927136184996
